{
    "items": [
        {
            "name": "polytope1.obj",
            "transformation": {
                "position": [
                    4.857142925262451,
                    4.0,
                    0.0
                ],
                "yaw": -0.0,
                "pitch": 0.0,
                "roll": -0.0,
                "matrix": [
                    [
                        1.0,
                        0.0,
                        0.0,
                        0.0
                    ],
                    [
                        0.0,
                        1.0,
                        0.0,
                        0.0
                    ],
                    [
                        0.0,
                        0.0,
                        1.0,
                        0.0
                    ],
                    [
                        4.857142925262451,
                        4.0,
                        0.0,
                        1.0
                    ]
                ]
            }
        },
        {
            "name": "polytope2.obj",
            "transformation": {
                "position": [
                    1.0,
                    0.42526885867118835,
                    0.0
                ],
                "yaw": -0.0,
                "pitch": 0.0,
                "roll": -0.0,
                "matrix": [
                    [
                        1.0,
                        0.0,
                        0.0,
                        0.0
                    ],
                    [
                        0.0,
                        1.0,
                        0.0,
                        0.0
                    ],
                    [
                        0.0,
                        0.0,
                        1.0,
                        0.0
                    ],
                    [
                        1.0,
                        0.42526885867118835,
                        0.0,
                        1.0
                    ]
                ]
            }
        },
        {
            "name": "polytope3.obj",
            "transformation": {
                "position": [
                    4.800000190734863,
                    6.0,
                    8.0
                ],
                "yaw": -0.0,
                "pitch": 0.0,
                "roll": -0.0,
                "matrix": [
                    [
                        1.0,
                        0.0,
                        0.0,
                        0.0
                    ],
                    [
                        0.0,
                        1.0,
                        0.0,
                        0.0
                    ],
                    [
                        0.0,
                        0.0,
                        1.0,
                        0.0
                    ],
                    [
                        4.800000190734863,
                        6.0,
                        8.0,
                        1.0
                    ]
                ]
            }
        },
        {
            "name": "polytope4.obj",
            "transformation": {
                "position": [
                    0.0,
                    6.0,
                    0.0
                ],
                "yaw": -0.0,
                "pitch": 0.0,
                "roll": -0.0,
                "matrix": [
                    [
                        1.0,
                        0.0,
                        0.0,
                        0.0
                    ],
                    [
                        0.0,
                        1.0,
                        0.0,
                        0.0
                    ],
                    [
                        0.0,
                        0.0,
                        1.0,
                        0.0
                    ],
                    [
                        0.0,
                        6.0,
                        0.0,
                        1.0
                    ]
                ]
            }
        },
        {
            "name": "polytope5.obj",
            "transformation": {
                "position": [
                    8.0,
                    1.8538399934768677,
                    3.7142844200134277
                ],
                "yaw": -0.0,
                "pitch": 0.0,
                "roll": -0.0,
                "matrix": [
                    [
                        1.0,
                        0.0,
                        0.0,
                        0.0
                    ],
                    [
                        0.0,
                        1.0,
                        0.0,
                        0.0
                    ],
                    [
                        0.0,
                        0.0,
                        1.0,
                        0.0
                    ],
                    [
                        8.0,
                        1.8538399934768677,
                        3.7142844200134277,
                        1.0
                    ]
                ]
            }
        },
        {
            "name": "polytope6.obj",
            "transformation": {
                "position": [
                    0.0,
                    0.0,
                    6.204957485198975
                ],
                "yaw": -0.0,
                "pitch": 0.0,
                "roll": -0.0,
                "matrix": [
                    [
                        1.0,
                        0.0,
                        0.0,
                        0.0
                    ],
                    [
                        0.0,
                        1.0,
                        0.0,
                        0.0
                    ],
                    [
                        0.0,
                        0.0,
                        1.0,
                        0.0
                    ],
                    [
                        0.0,
                        0.0,
                        6.204957485198975,
                        1.0
                    ]
                ]
            }
        },
        {
            "name": "polytope7.obj",
            "transformation": {
                "position": [
                    0.24155782163143158,
                    0.0,
                    13.714284896850586
                ],
                "yaw": -0.0,
                "pitch": 0.0,
                "roll": -0.0,
                "matrix": [
                    [
                        1.0,
                        0.0,
                        0.0,
                        0.0
                    ],
                    [
                        0.0,
                        1.0,
                        0.0,
                        0.0
                    ],
                    [
                        0.0,
                        0.0,
                        1.0,
                        0.0
                    ],
                    [
                        0.24155782163143158,
                        0.0,
                        13.714284896850586,
                        1.0
                    ]
                ]
            }
        },
        {
            "name": "polytope7.obj",
            "transformation": {
                "position": [
                    6.0,
                    0.0,
                    13.714284896850586
                ],
                "yaw": -0.0,
                "pitch": 0.0,
                "roll": -0.0,