{
    "items": [
        {
            "name": "polytope1.obj",
            "transformation": {
                "position": [
                    0.10000000149011612,
                    4.0,
                    3.200000047683716
                ],
                "yaw": -0.0,
                "pitch": 0.0,
                "roll": -0.0,
                "matrix": [
                    [
                        1.0,
                        0.0,
                        0.0,
                        0.0
                    ],
                    [
                        0.0,
                        1.0,
                        0.0,
                        0.0
                    ],
                    [
                        0.0,
                        0.0,
                        1.0,
                        0.0
                    ],
                    [
                        0.10000000149011612,
                        4.0,
                        3.200000047683716,
                        1.0
                    ]
                ]
            }
        },
        {
            "name": "polytope2.obj",
            "transformation": {
                "position": [
                    0.42321646213531494,
                    0.0,
                    10.307133674621582
                ],
                "yaw": -0.0,
                "pitch": 0.0,
                "roll": -0.0,
                "matrix": [
                    [
                        1.0,
                        0.0,
                        0.0,
                        0.0
                    ],
                    [
                        0.0,
                        1.0,
                        0.0,
                        0.0
                    ],
                    [
                        0.0,
                        0.0,
                        1.0,
                        0.0
                    ],
                    [
                        0.42321646213531494,
                        0.0,
                        10.307133674621582,
                        1.0
                    ]
                ]
            }
        },
        {
            "name": "polytope3.obj",
            "transformation": {
                "position": [
                    0.0,
                    0.0,
                    0.0
                ],
                "yaw": -0.0,
                "pitch": 0.0,
                "roll": -0.0,
                "matrix": [
                    [
                        1.0,
                        0.0,
                        0.0,
                        0.0
                    ],
                    [
                        0.0,
                        1.0,
                        0.0,
                        0.0
                    ],
                    [
                        0.0,
                        0.0,
                        1.0,
                        0.0
                    ],
                    [
                        0.0,
                        0.0,
                        0.0,
                        1.0
                    ]
                ]
            }
        },
        {
            "name": "polytope4.obj",
            "transformation": {
                "position": [
                    4.851020336151123,
                    6.0,
                    8.92711353302002
                ],
                "yaw": -0.0,
                "pitch": 0.0,
                "roll": -0.0,
                "matrix": [
                    [
                        1.0,
                        0.0,
                        0.0,
                        0.0
                    ],
                    [
                        0.0,
                        1.0,
                        0.0,
                        0.0
                    ],
                    [
                        0.0,
                        0.0,
                        1.0,
                        0.0
                    ],
                    [
                        4.851020336151123,
                        6.0,
                        8.92711353302002,
                        1.0
                    ]
                ]
            }
        },
        {
            "name": "polytope5.obj",
            "transformation": {
                "position": [
                    8.0,
                    1.7870111465454102,
                    0.0
                ],
                "yaw": -0.0,
                "pitch": 0.0,
                "roll": -0.0,
                "matrix": [
                    [
                        1.0,
                        0.0,
                        0.0,
                        0.0
                    ],
                    [
                        0.0,
                        1.0,
                        0.0,
                        0.0
                    ],
                    [
                        0.0,
                        0.0,
                        1.0,
                        0.0
                    ],
                    [
                        8.0,
                        1.7870111465454102,
                        0.0,
                        1.0
                    ]
                ]
            }
        },
        {
            "name": "polytope6.obj",
            "transformation": {
                "position": [
                    6.0,
                    2.583662271499634,
                    10.034555435180664
                ],
                "yaw": -0.0,
                "pitch": 0.0,
                "roll": -0.0,
                "matrix": [
                    [
                        1.0,
                        0.0,
                        0.0,
                        0.0
                    ],
                    [
                        0.0,
                        1.0,
                        0.0,
                        0.0
                    ],
                    [
                        0.0,
                        0.0,
                        1.0,
                        0.0
                    ],
                    [
                        6.0,
                        2.583662271499634,
                        10.034555435180664,
                        1.0
                    ]
                ]
            }
        },
        {
            "name": "polytope6.obj",
            "transformation": {
                "position": [
                    6.0,
                    2.7607150077819824,
                    17.927114486694336
                ],
                "yaw": -0.0,
                "pitch": 0.0,
                "roll": -0.0,
                "matrix": [
                    [
                        1.0,
                        0.0,
                        0.0,
                        0.0
                    ],
                    [
                        0.0,
                        1.0,
                        0.0,
                        0.0
                    ],
                    [
                        0.0,
                        0.0,
                        1.0,
                        0.0
                    ],
                    [
                        6.0,
                        2.7607150077819824,
                        17.927114486694336,
                        1.0
                    ]
                ]
            }
        },
        {
            "name": "polytope7.obj",
            "transformation": {
                "position": [
                    3.0,
                    0.0,
                    0.0
                ],
                "yaw": -0.0,
                "pitch": 0.0,
                "roll": -0.0,