{
    "items": [
        {
            "name": "polytope1.obj",
            "transformation": {
                "position": [
                    3.0,
                    4.0,
                    0.0
                ],
                "yaw": -0.0,
                "pitch": 0.0,
                "roll": -0.0,
                "matrix": [
                    [
                        1.0,
                        0.0,
                        0.0,
                        0.0
                    ],
                    [
                        0.0,
                        1.0,
                        0.0,
                        0.0
                    ],
                    [
                        0.0,
                        0.0,
                        1.0,
                        0.0
                    ],
                    [
                        3.0,
                        4.0,
                        0.0,
                        1.0
                    ]
                ]
            }
        },
        {
            "name": "polytope2.obj",
            "transformation": {
                "position": [
                    1.0,
                    0.181818425655365,
                    0.0
                ],
                "yaw": -0.0,
                "pitch": 0.0,
                "roll": -0.0,
                "matrix": [
                    [
                        1.0,
                        0.0,
                        0.0,
                        0.0
                    ],
                    [
                        0.0,
                        1.0,
                        0.0,
                        0.0
                    ],
                    [
                        0.0,
                        0.0,
                        1.0,
                        0.0
                    ],
                    [
                        1.0,
                        0.181818425655365,
                        0.0,
                        1.0
                    ]
                ]
            }
        },
        {
            "name": "polytope3.obj",
            "transformation": {
                "position": [
                    0.0,
                    2.0,
                    3.111111640930176
                ],
                "yaw": -0.0,
                "pitch": 0.0,
                "roll": -0.0,
                "matrix": [
                    [
                        1.0,
                        0.0,
                        0.0,
                        0.0
                    ],
                    [
                        0.0,
                        1.0,
                        0.0,
                        0.0
                    ],
                    [
                        0.0,
                        0.0,
                        1.0,
                        0.0
                    ],
                    [
                        0.0,
                        2.0,
                        3.111111640930176,
                        1.0
                    ]
                ]
            }
        },
        {
            "name": "polytope4.obj",
            "transformation": {
                "position": [
                    0.0,
                    6.0,
                    0.0
                ],
                "yaw": -0.0,
                "pitch": 0.0,
                "roll": -0.0,
                "matrix": [
                    [
                        1.0,
                        0.0,
                        0.0,
                        0.0
                    ],
                    [
                        0.0,
                        1.0,
                        0.0,
                        0.0
                    ],
                    [
                        0.0,
                        0.0,
                        1.0,
                        0.0
                    ],
                    [
                        0.0,
                        6.0,
                        0.0,
                        1.0
                    ]
                ]
            }
        },
        {
            "name": "polytope5.obj",
            "transformation": {
                "position": [
                    8.0,
                    2.0,
                    7.0
                ],
                "yaw": -0.0,
                "pitch": 0.0,
                "roll": -0.0,
                "matrix": [
                    [
                        1.0,
                        0.0,
                        0.0,
                        0.0
                    ],
                    [
                        0.0,
                        1.0,
                        0.0,
                        0.0
                    ],
                    [
                        0.0,
                        0.0,
                        1.0,
                        0.0
                    ],
                    [
                        8.0,
                        2.0,
                        7.0,
                        1.0
                    ]
                ]
            }
        },
        {
            "name": "polytope6.obj",
            "transformation": {
                "position": [
                    6.0,
                    3.0,
                    0.0
                ],
                "yaw": -0.0,
                "pitch": 0.0,
                "roll": -0.0,
                "matrix": [
                    [
                        1.0,
                        0.0,
                        0.0,
                        0.0
                    ],
                    [
                        0.0,
                        1.0,
                        0.0,
                        0.0
                    ],
                    [
                        0.0,
                        0.0,
                        1.0,
                        0.0
                    ],
                    [
                        6.0,
                        3.0,
                        0.0,
                        1.0
                    ]
                ]
            }
        },
        {
            "name": "polytope7.obj",
            "transformation": {
                "position": [
                    2.4000000953674316,
                    0.0,
                    8.463068008422852
                ],
                "yaw": -0.0,
                "pitch": 0.0,
                "roll": -0.0,
                "matrix": [
                    [
                        1.0,
                        0.0,
                        0.0,
                        0.0
                    ],
                    [
                        0.0,
                        1.0,
                        0.0,
                        0.0
                    ],
                    [
                        0.0,
                        0.0,
                        1.0,
                        0.0
                    ],
                    [
                        2.4000000953674316,
                        0.0,
                        8.463068008422852,
                        1.0
                    ]
                ]
            }
        }
    ],
    "totalHeight": 17.463067949140886,
    "instancePath": "Stoyan et al. 2005/Example1.json",
    "itemOrigin": "AlignToMinimum",
    "gap": 0.0
}