{
    "items": [
        {
            "name": "polytope1.obj",
            "transformation": {
                "position": [
                    0.0,
                    0.0,
                    0.0
                ],
                "yaw": -0.0,
                "pitch": 0.0,
                "roll": -0.0,
                "matrix": [
                    [
                        1.0,
                        0.0,
                        0.0,
                        0.0
                    ],
                    [
                        0.0,
                        1.0,
                        0.0,
                        0.0
                    ],
                    [
                        0.0,
                        0.0,
                        1.0,
                        0.0
                    ],
                    [
                        0.0,
                        0.0,
                        0.0,
                        1.0
                    ]
                ]
            }
        },
        {
            "name": "polytope3.obj",
            "transformation": {
                "position": [
                    0.4285714328289032,
                    6.0,
                    0.0
                ],
                "yaw": -0.0,
                "pitch": 0.0,
                "roll": -0.0,
                "matrix": [
                    [
                        1.0,
                        0.0,
                        0.0,
                        0.0
                    ],
                    [
                        0.0,
                        1.0,
                        0.0,
                        0.0
                    ],
                    [
                        0.0,
                        0.0,
                        1.0,
                        0.0
                    ],
                    [
                        0.4285714328289032,
                        6.0,
                        0.0,
                        1.0
                    ]
                ]
            }
        },
        {
            "name": "polytope5.obj",
            "transformation": {
                "position": [
                    3.509559392929077,
                    1.9808813333511353,
                    0.0
                ],
                "yaw": -0.0,
                "pitch": 0.0,
                "roll": -0.0,
                "matrix": [
                    [
                        1.0,
                        0.0,
                        0.0,
                        0.0
                    ],
                    [
                        0.0,
                        1.0,
                        0.0,
                        0.0
                    ],
                    [
                        0.0,
                        0.0,
                        1.0,
                        0.0
                    ],
                    [
                        3.509559392929077,
                        1.9808813333511353,
                        0.0,
                        1.0
                    ]
                ]
            }
        },
        {
            "name": "polytope6.obj",
            "transformation": {
                "position": [
                    0.0,
                    0.0,
                    8.0
                ],
                "yaw": -0.0,
                "pitch": 0.0,
                "roll": -0.0,
                "matrix": [
                    [
                        1.0,
                        0.0,
                        0.0,
                        0.0
                    ],
                    [
                        0.0,
                        1.0,
                        0.0,
                        0.0
                    ],
                    [
                        0.0,
                        0.0,
                        1.0,
                        0.0
                    ],
                    [
                        0.0,
                        0.0,
                        8.0,
                        1.0
                    ]
                ]
            }
        },
        {
            "name": "polytope7.obj",
            "transformation": {
                "position": [
                    6.0,
                    0.0,
                    5.369856834411621
                ],
                "yaw": -0.0,
                "pitch": 0.0,
                "roll": -0.0,
                "matrix": [
                    [
                        1.0,
                        0.0,
                        0.0,
                        0.0
                    ],
                    [
                        0.0,
                        1.0,
                        0.0,
                        0.0
                    ],
                    [
                        0.0,
                        0.0,
                        1.0,
                        0.0
                    ],
                    [
                        6.0,
                        0.0,
                        5.369856834411621,
                        1.0
                    ]
                ]
            }
        }
    ],
    "totalHeight": 15.0,
    "instancePath": "Tollenaere, J. et al 2025b/Instances/STOYAN_2005/05_ITEMS.json",
    "itemOrigin": "AlignToMinimum",
    "gap": 0.0
}