{
    "items": [
        {
            "name": "polytope1.obj",
            "transformation": {
                "position": [
                    3.0,
                    4.0,
                    7.252052307128906
                ],
                "yaw": -0.0,
                "pitch": 0.0,
                "roll": -0.0,
                "matrix": [
                    [
                        1.0,
                        0.0,
                        0.0,
                        0.0
                    ],
                    [
                        0.0,
                        1.0,
                        0.0,
                        0.0
                    ],
                    [
                        0.0,
                        0.0,
                        1.0,
                        0.0
                    ],
                    [
                        3.0,
                        4.0,
                        7.252052307128906,
                        1.0
                    ]
                ]
            }
        },
        {
            "name": "polytope2.obj",
            "transformation": {
                "position": [
                    1.0,
                    0.09090930223464966,
                    7.0
                ],
                "yaw": -0.0,
                "pitch": 0.0,
                "roll": -0.0,
                "matrix": [
                    [
                        1.0,
                        0.0,
                        0.0,
                        0.0
                    ],
                    [
                        0.0,
                        1.0,
                        0.0,
                        0.0
                    ],
                    [
                        0.0,
                        0.0,
                        1.0,
                        0.0
                    ],
                    [
                        1.0,
                        0.09090930223464966,
                        7.0,
                        1.0
                    ]
                ]
            }
        },
        {
            "name": "polytope3.obj",
            "transformation": {
                "position": [
                    0.0,
                    0.0,
                    10.11111068725586
                ],
                "yaw": -0.0,
                "pitch": 0.0,
                "roll": -0.0,
                "matrix": [
                    [
                        1.0,
                        0.0,
                        0.0,
                        0.0
                    ],
                    [
                        0.0,
                        1.0,
                        0.0,
                        0.0
                    ],
                    [
                        0.0,
                        0.0,
                        1.0,
                        0.0
                    ],
                    [
                        0.0,
                        0.0,
                        10.11111068725586,
                        1.0
                    ]
                ]
            }
        },
        {
            "name": "polytope4.obj",
            "transformation": {
                "position": [
                    0.0,
                    6.0,
                    1.9121525287628174
                ],
                "yaw": -0.0,
                "pitch": 0.0,
                "roll": -0.0,
                "matrix": [
                    [
                        1.0,
                        0.0,
                        0.0,
                        0.0
                    ],
                    [
                        0.0,
                        1.0,
                        0.0,
                        0.0
                    ],
                    [
                        0.0,
                        0.0,
                        1.0,
                        0.0
                    ],
                    [
                        0.0,
                        6.0,
                        1.9121525287628174,
                        1.0
                    ]
                ]
            }
        },
        {
            "name": "polytope5.obj",
            "transformation": {
                "position": [
                    8.0,
                    2.0,
                    16.0
                ],
                "yaw": -0.0,
                "pitch": 0.0,
                "roll": -0.0,
                "matrix": [
                    [
                        1.0,
                        0.0,
                        0.0,
                        0.0
                    ],
                    [
                        0.0,
                        1.0,
                        0.0,
                        0.0
                    ],
                    [
                        0.0,
                        0.0,
                        1.0,
                        0.0
                    ],
                    [
                        8.0,
                        2.0,
                        16.0,
                        1.0
                    ]
                ]
            }
        },
        {
            "name": "polytope5.obj",
            "transformation": {
                "position": [
                    0.014867913909256458,
                    2.0,
                    16.051639556884766
                ],
                "yaw": -0.0,
                "pitch": 0.0,
                "roll": -0.0,
                "matrix": [
                    [
                        1.0,
                        0.0,
                        0.0,
                        0.0
                    ],
                    [
                        0.0,
                        1.0,
                        0.0,
                        0.0
                    ],
                    [
                        0.0,
                        0.0,
                        1.0,
                        0.0
                    ],
                    [
                        0.014867913909256458,
                        2.0,
                        16.051639556884766,
                        1.0
                    ]
                ]
            }
        },
        {
            "name": "polytope6.obj",
            "transformation": {
                "position": [
                    0.0,
                    0.0,
                    0.0
                ],
                "yaw": -0.0,
                "pitch": 0.0,
                "roll": -0.0,
                "matrix": [
                    [
                        1.0,
                        0.0,
                        0.0,
                        0.0
                    ],
                    [
                        0.0,
                        1.0,
                        0.0,
                        0.0
                    ],
                    [
                        0.0,
                        0.0,
                        1.0,
                        0.0
                    ],
                    [
                        0.0,
                        0.0,
                        0.0,
                        1.0
                    ]
                ]
            }
        },
        {
            "name": "polytope6.obj",
            "transformation": {
                "position": [
                    6.0,
                    3.0,
                    9.0
                ],
                "yaw": -0.0,
                "pitch": 0.0,
                "roll": -0.0,